Target Angle: 0.0000 rad, Motor Angle: 0.0088 rad, Error Angle: -0.0088 rad, Motor Voltage: 0.00
Target Angle: 0.0000 rad, Motor Angle: 0.0147 rad, Error Angle: -0.0147 rad, Motor Voltage: 0.00
Target Angle: 0.0000 rad, Motor Angle: 0.0103 rad, Error Angle: -0.0103 rad, Motor Voltage: 0.00
Target Angle: 0.0000 rad, Motor Angle: 0.0103 rad, Error Angle: -0.0103 rad, Motor Voltage: 0.00
Target Angle: 0.0000 rad, Motor Angle: 0.0066 rad, Error Angle: -0.0066 rad, Motor Voltage: 0.00
Target Angle: 0.0000 rad, Motor Angle: 0.0107 rad, Error Angle: -0.0107 rad, Motor Voltage: 0.00
Target Angle: 0.0000 rad, Motor Angle: 0.0074 rad, Error Angle: -0.0074 rad, Motor Voltage: 0.00
Target Angle: 0.0000 rad, Motor Angle: 0.0088 rad, Error Angle: -0.0088 rad, Motor Voltage: 0.00
Target Angle: 0.0000 rad, Motor Angle: 0.0107 rad, Error Angle: -0.0107 rad, Motor Voltage: 0.00
Target Angle: 0.0000 rad, Motor Angle: 0.0107 rad, Error Angle: -0.0107 rad, Motor Voltage: 0.00
Target Angle: 0.0000 rad, Motor Angle: 0.0147 rad, Error Angle: -0.0147 rad, Motor Voltage: 0.00
Target Angle: 0.0000 rad, Motor Angle: 0.0107 rad, Error Angle: -0.0107 rad, Motor Voltage: 0.00
Target Angle: 0.0000 rad, Motor Angle: 0.0133 rad, Error Angle: -0.0133 rad, Motor Voltage: 0.00
Target Angle: 0.0000 rad, Motor Angle: -0.0258 rad, Error Angle: 0.0258 rad, Motor Voltage: 0.00
Target Angle: 0.0000 rad, Motor Angle: 0.0133 rad, Error Angle: -0.0133 rad, Motor Voltage: 0.00
Target Angle: 0.0000 rad, Motor Angle: 0.0118 rad, Error Angle: -0.0118 rad, Motor Voltage: 0.00
Target Angle: 0.0000 rad, Motor Angle: 0.0088 rad, Error Angle: -0.0088 rad, Motor Voltage: 0.00
Target Angle: 0.0000 rad, Motor Angle: 0.0081 rad, Error Angle: -0.0081 rad, Motor Voltage: 0.00
Target Angle: 0.0000 rad, Motor Angle: 0.0081 rad, Error Angle: -0.0081 rad, Motor Voltage: 0.00
Target Angle: 0.0000 rad, Motor Angle: 0.0074 rad, Error Angle: -0.0074 rad, Motor Voltage: 0.00
Target Angle: 0.0000 rad, Motor Angle: 0.0088 rad, Error Angle: -0.0088 rad, Motor Voltage: 0.00
Target Angle: 0.0000 rad, Motor Angle: 0.0107 rad, Error Angle: -0.0107 rad, Motor Voltage: 0.00
Target Angle: 0.0000 rad, Motor Angle: 0.0107 rad, Error Angle: -0.0107 rad, Motor Voltage: 0.00
Target Angle: 0.0000 rad, Motor Angle: 0.0140 rad, Error Angle: -0.0140 rad, Motor Voltage: 0.00
Target Angle: 0.0000 rad, Motor Angle: 0.0107 rad, Error Angle: -0.0107 rad, Motor Voltage: 0.00
Target Angle: 0.0000 rad, Motor Angle: 0.0063 rad, Error Angle: -0.0063 rad, Motor Voltage: 0.00
Target Angle: 0.0000 rad, Motor Angle: 0.0107 rad, Error Angle: -0.0107 rad, Motor Voltage: 0.00
Target Angle: 0.0000 rad, Motor Angle: 0.0066 rad, Error Angle: -0.0066 rad, Motor Voltage: 0.00
Target Angle: 0.0000 rad, Motor Angle: 0.0081 rad, Error Angle: -0.0081 rad, Motor Voltage: 0.00
Target Angle: 0.0000 rad, Motor Angle: 0.0110 rad, Error Angle: -0.0110 rad, Motor Voltage: 0.00
Target Angle: 0.0000 rad, Motor Angle: 0.0118 rad, Error Angle: -0.0118 rad, Motor Voltage: 0.00
Target Angle: 0.0000 rad, Motor Angle: 0.0096 rad, Error Angle: -0.0096 rad, Motor Voltage: 0.00
Target Angle: 0.0000 rad, Motor Angle: 0.0118 rad, Error Angle: -0.0118 rad, Motor Voltage: 0.00
Target Angle: 0.0000 rad, Motor Angle: 0.0092 rad, Error Angle: -0.0092 rad, Motor Voltage: 0.00
Target Angle: 0.0000 rad, Motor Angle: 0.0088 rad, Error Angle: -0.0088 rad, Motor Voltage: 0.00
Target Angle: 0.0000 rad, Motor Angle: 0.0103 rad, Error Angle: -0.0103 rad, Motor Voltage: 0.00
Target Angle: 0.0000 rad, Motor Angle: 0.0070 rad, Error Angle: -0.0070 rad, Motor Voltage: 0.00
Target Angle: 0.0000 rad, Motor Angle: 0.0107 rad, Error Angle: -0.0107 rad, Motor Voltage: 0.00
Target Angle: 0.0000 rad, Motor Angle: 0.0088 rad, Error Angle: -0.0088 rad, Motor Voltage: 0.00
Target Angle: 0.0000 rad, Motor Angle: 0.0077 rad, Error Angle: -0.0077 rad, Motor Voltage: 0.00
Target Angle: 0.0000 rad, Motor Angle: 0.0155 rad, Error Angle: -0.0155 rad, Motor Voltage: 0.00
Target Angle: 0.0000 rad, Motor Angle: 0.0088 rad, Error Angle: -0.0088 rad, Motor Voltage: 0.00
Target Angle: 0.0000 rad, Motor Angle: 0.0088 rad, Error Angle: -0.0088 rad, Motor Voltage: 0.00
Target Angle: 0.0000 rad, Motor Angle: 0.0118 rad, Error Angle: -0.0118 rad, Motor Voltage: 0.00
Target Angle: 0.0000 rad, Motor Angle: 0.0088 rad, Error Angle: -0.0088 rad, Motor Voltage: 0.00
Target Angle: 0.0000 rad, Motor Angle: 0.0133 rad, Error Angle: -0.0133 rad, Motor Voltage: 0.00
Target Angle: 0.0000 rad, Motor Angle: 0.0052 rad, Error Angle: -0.0052 rad, Motor Voltage: 0.00
Target Angle: 0.0000 rad, Motor Angle: 0.0085 rad, Error Angle: -0.0085 rad, Motor Voltage: 0.00
Target Angle: 0.0000 rad, Motor Angle: 0.0136 rad, Error Angle: -0.0136 rad, Motor Voltage: 0.00
Target Angle: 0.0000 rad, Motor Angle: 0.0085 rad, Error Angle: -0.0085 rad, Motor Voltage: 0.00
Target Angle: 0.0000 rad, Motor Angle: 0.0118 rad, Error Angle: -0.0118 rad, Motor Voltage: 0.00
Target Angle: 0.0000 rad, Motor Angle: 0.0107 rad, Error Angle: -0.0107 rad, Motor Voltage: 0.00
Target Angle: 0.0000 rad, Motor Angle: 0.0081 rad, Error Angle: -0.0081 rad, Motor Voltage: 0.00
Target Angle: 0.0000 rad, Motor Angle: 0.0110 rad, Error Angle: -0.0110 rad, Motor Voltage: 0.00
Target Angle: 0.0000 rad, Motor Angle: 0.0110 rad, Error Angle: -0.0110 rad, Motor Voltage: 0.00
Target Angle: 0.0000 rad, Motor Angle: 0.0110 rad, Error Angle: -0.0110 rad, Motor Voltage: 0.00
Target Angle: 0.0000 rad, Motor Angle: 0.0088 rad, Error Angle: -0.0088 rad, Motor Voltage: 0.00
Target Angle: 0.0000 rad, Motor Angle: 0.0099 rad, Error Angle: -0.0099 rad, Motor Voltage: 0.00
Target Angle: 0.0000 rad, Motor Angle: 0.0103 rad, Error Angle: -0.0103 rad, Motor Voltage: 0.00
Target Angle: 0.0000 rad, Motor Angle: 0.0088 rad, Error Angle: -0.0088 rad, Motor Voltage: 0.00
Target Angle: 0.0000 rad, Motor Angle: 0.0059 rad, Error Angle: -0.0059 rad, Motor Voltage: 0.00
Target Angle: 0.0000 rad, Motor Angle: 0.0107 rad, Error Angle: -0.0107 rad, Motor Voltage: 0.00
Target Angle: 0.0000 rad, Motor Angle: 0.0088 rad, Error Angle: -0.0088 rad, Motor Voltage: 0.00
Target Angle: 0.0000 rad, Motor Angle: 0.0088 rad, Error Angle: -0.0088 rad, Motor Voltage: 0.00
Target Angle: 0.0000 rad, Motor Angle: 0.0088 rad, Error Angle: -0.0088 rad, Motor Voltage: 0.00
Target Angle: 0.0000 rad, Motor Angle: 0.0133 rad, Error Angle: -0.0133 rad, Motor Voltage: 0.00
Target Angle: 0.0000 rad, Motor Angle: 0.0077 rad, Error Angle: -0.0077 rad, Motor Voltage: 0.00
Target Angle: 0.0000 rad, Motor Angle: 0.0107 rad, Error Angle: -0.0107 rad, Motor Voltage: 0.00
Target Angle: 0.0000 rad, Motor Angle: 0.0096 rad, Error Angle: -0.0096 rad, Motor Voltage: 0.00
Target Angle: 0.0000 rad, Motor Angle: 0.0107 rad, Error Angle: -0.0107 rad, Motor Voltage: 0.00
Target Angle: 0.0000 rad, Motor Angle: 0.0096 rad, Error Angle: -0.0096 rad, Motor Voltage: 0.00
Target Angle: 0.0000 rad, Motor Angle: 0.0118 rad, Error Angle: -0.0118 rad, Motor Voltage: 0.00
Target Angle: 0.0000 rad, Motor Angle: 0.0074 rad, Error Angle: -0.0074 rad, Motor Voltage: 0.00
Target Angle: 0.0000 rad, Motor Angle: 0.0081 rad, Error Angle: -0.0081 rad, Motor Voltage: 0.00
Target Angle: 0.0000 rad, Motor Angle: 0.0118 rad, Error Angle: -0.0118 rad, Motor Voltage: 0.00
Target Angle: 0.0000 rad, Motor Angle: 0.0103 rad, Error Angle: -0.0103 rad, Motor Voltage: 0.00
Target Angle: 0.0000 rad, Motor Angle: 0.0147 rad, Error Angle: -0.0147 rad, Motor Voltage: 0.00
Target Angle: 0.0000 rad, Motor Angle: 0.0052 rad, Error Angle: -0.0052 rad, Motor Voltage: 0.00
Target Angle: 0.0000 rad, Motor Angle: 0.0103 rad, Error Angle: -0.0103 rad, Motor Voltage: 0.00
Target Angle: 0.0000 rad, Motor Angle: 0.0066 rad, Error Angle: -0.0066 rad, Motor Voltage: 0.00
Target Angle: 0.0000 rad, Motor Angle: 0.0118 rad, Error Angle: -0.0118 rad, Motor Voltage: 0.00
Target Angle: 0.0000 rad, Motor Angle: 0.0118 rad, Error Angle: -0.0118 rad, Motor Voltage: 0.00
Target Angle: 0.0000 rad, Motor Angle: 0.0077 rad, Error Angle: -0.0077 rad, Motor Voltage: 0.00
Target Angle: 0.0000 rad, Motor Angle: 0.0133 rad, Error Angle: -0.0133 rad, Motor Voltage: 0.00
Target Angle: 0.0000 rad, Motor Angle: 0.0103 rad, Error Angle: -0.0103 rad, Motor Voltage: 0.00
Target Angle: 0.0000 rad, Motor Angle: 0.0088 rad, Error Angle: -0.0088 rad, Motor Voltage: 0.00
Target Angle: 0.0000 rad, Motor Angle: 0.0074 rad, Error Angle: -0.0074 rad, Motor Voltage: 0.00
Target Angle: 0.0000 rad, Motor Angle: 0.0118 rad, Error Angle: -0.0118 rad, Motor Voltage: 0.00
Target Angle: 0.0000 rad, Motor Angle: 0.0085 rad, Error Angle: -0.0085 rad, Motor Voltage: 0.00
Target Angle: 0.0000 rad, Motor Angle: 0.0088 rad, Error Angle: -0.0088 rad, Motor Voltage: 0.00
Target Angle: 0.0000 rad, Motor Angle: 0.0081 rad, Error Angle: -0.0081 rad, Motor Voltage: 0.00
Target Angle: 0.0000 rad, Motor Angle: 0.0088 rad, Error Angle: -0.0088 rad, Motor Voltage: 0.00
Target Angle: 0.0000 rad, Motor Angle: 0.0088 rad, Error Angle: -0.0088 rad, Motor Voltage: 0.00
Target Angle: 0.0000 rad, Motor Angle: 0.0140 rad, Error Angle: -0.0140 rad, Motor Voltage: 0.00
Target Angle: 0.0000 rad, Motor Angle: 0.0099 rad, Error Angle: -0.0099 rad, Motor Voltage: 0.00
Target Angle: 0.0000 rad, Motor Angle: 0.0103 rad, Error Angle: -0.0103 rad, Motor Voltage: 0.00
Target Angle: 0.0000 rad, Motor Angle: 0.0096 rad, Error Angle: -0.0096 rad, Motor Voltage: 0.00
Target Angle: 0.0000 rad, Motor Angle: 0.0118 rad, Error Angle: -0.0118 rad, Motor Voltage: 0.00
Target Angle: 0.0000 rad, Motor Angle: 0.0114 rad, Error Angle: -0.0114 rad, Motor Voltage: 0.00
Target Angle: 0.7854 rad, Motor Angle: 0.0096 rad, Error Angle: 0.7758 rad, Motor Voltage: -0.50
Target Angle: 0.7854 rad, Motor Angle: 0.0567 rad, Error Angle: 0.7287 rad, Motor Voltage: -0.50
Target Angle: 0.7854 rad, Motor Angle: 0.1179 rad, Error Angle: 0.6675 rad, Motor Voltage: -0.50
Target Angle: 0.7854 rad, Motor Angle: 0.1904 rad, Error Angle: 0.5950 rad, Motor Voltage: -0.50
Target Angle: 0.7854 rad, Motor Angle: 0.2534 rad, Error Angle: 0.5320 rad, Motor Voltage: -0.50
Target Angle: 0.7854 rad, Motor Angle: 0.3230 rad, Error Angle: 0.4624 rad, Motor Voltage: -0.50
Target Angle: 0.7854 rad, Motor Angle: 0.3852 rad, Error Angle: 0.4002 rad, Motor Voltage: -0.50
Target Angle: 0.7854 rad, Motor Angle: 0.4497 rad, Error Angle: 0.3357 rad, Motor Voltage: -0.50
Target Angle: 0.7854 rad, Motor Angle: 0.5149 rad, Error Angle: 0.2705 rad, Motor Voltage: -0.50
Target Angle: 0.7854 rad, Motor Angle: 0.5827 rad, Error Angle: 0.2027 rad, Motor Voltage: -0.50
Target Angle: 0.7854 rad, Motor Angle: 0.6475 rad, Error Angle: 0.1379 rad, Motor Voltage: -0.50
Target Angle: 0.7854 rad, Motor Angle: 0.7134 rad, Error Angle: 0.0720 rad, Motor Voltage: 0.00
Target Angle: 0.7854 rad, Motor Angle: 0.7241 rad, Error Angle: 0.0613 rad, Motor Voltage: 0.00
Target Angle: 0.7854 rad, Motor Angle: 0.7270 rad, Error Angle: 0.0584 rad, Motor Voltage: 0.00
Target Angle: 0.7854 rad, Motor Angle: 0.7219 rad, Error Angle: 0.0635 rad, Motor Voltage: 0.00
Target Angle: 0.7854 rad, Motor Angle: 0.7241 rad, Error Angle: 0.0613 rad, Motor Voltage: 0.00
Target Angle: 0.7854 rad, Motor Angle: 0.7443 rad, Error Angle: 0.0411 rad, Motor Voltage: 0.00
Target Angle: 0.7854 rad, Motor Angle: 0.7248 rad, Error Angle: 0.0606 rad, Motor Voltage: 0.00
Target Angle: 0.7854 rad, Motor Angle: 0.7256 rad, Error Angle: 0.0598 rad, Motor Voltage: 0.00
Target Angle: 0.7854 rad, Motor Angle: 0.7226 rad, Error Angle: 0.0628 rad, Motor Voltage: 0.00
Target Angle: 0.7854 rad, Motor Angle: 0.7248 rad, Error Angle: 0.0606 rad, Motor Voltage: 0.00
Target Angle: 0.7854 rad, Motor Angle: 0.7237 rad, Error Angle: 0.0617 rad, Motor Voltage: 0.00
Target Angle: 0.7854 rad, Motor Angle: 0.7237 rad, Error Angle: 0.0617 rad, Motor Voltage: 0.00
Target Angle: 0.7854 rad, Motor Angle: 0.7256 rad, Error Angle: 0.0598 rad, Motor Voltage: 0.00
Target Angle: 0.7854 rad, Motor Angle: 0.7252 rad, Error Angle: 0.0602 rad, Motor Voltage: 0.00
Target Angle: 0.7854 rad, Motor Angle: 0.7226 rad, Error Angle: 0.0628 rad, Motor Voltage: 0.00
Target Angle: 0.7854 rad, Motor Angle: 0.7278 rad, Error Angle: 0.0576 rad, Motor Voltage: 0.00
Target Angle: 0.7854 rad, Motor Angle: 0.7256 rad, Error Angle: 0.0598 rad, Motor Voltage: 0.00
Target Angle: 0.7854 rad, Motor Angle: 0.7241 rad, Error Angle: 0.0613 rad, Motor Voltage: 0.00
Target Angle: 0.7854 rad, Motor Angle: 0.7256 rad, Error Angle: 0.0598 rad, Motor Voltage: 0.00
Target Angle: 0.7854 rad, Motor Angle: 0.7241 rad, Error Angle: 0.0613 rad, Motor Voltage: 0.00
Target Angle: 0.7854 rad, Motor Angle: 0.7226 rad, Error Angle: 0.0628 rad, Motor Voltage: 0.00
Target Angle: 0.7854 rad, Motor Angle: 0.7270 rad, Error Angle: 0.0584 rad, Motor Voltage: 0.00
Target Angle: 0.7854 rad, Motor Angle: 0.7252 rad, Error Angle: 0.0602 rad, Motor Voltage: 0.00
Target Angle: 0.7854 rad, Motor Angle: 0.7233 rad, Error Angle: 0.0621 rad, Motor Voltage: 0.00
Target Angle: 0.7854 rad, Motor Angle: 0.7256 rad, Error Angle: 0.0598 rad, Motor Voltage: 0.00
Target Angle: 0.7854 rad, Motor Angle: 0.7241 rad, Error Angle: 0.0613 rad, Motor Voltage: 0.00
Target Angle: 0.7854 rad, Motor Angle: 0.7263 rad, Error Angle: 0.0591 rad, Motor Voltage: 0.00
Target Angle: 0.7854 rad, Motor Angle: 0.7263 rad, Error Angle: 0.0591 rad, Motor Voltage: 0.00
Target Angle: 0.7854 rad, Motor Angle: 0.7241 rad, Error Angle: 0.0613 rad, Motor Voltage: 0.00
Target Angle: 0.7854 rad, Motor Angle: 0.7248 rad, Error Angle: 0.0606 rad, Motor Voltage: 0.00
Target Angle: 0.7854 rad, Motor Angle: 0.6983 rad, Error Angle: 0.0871 rad, Motor Voltage: -0.50
Target Angle: 0.7854 rad, Motor Angle: 0.7767 rad, Error Angle: 0.0087 rad, Motor Voltage: 0.00
Target Angle: 0.7854 rad, Motor Angle: 0.7815 rad, Error Angle: 0.0039 rad, Motor Voltage: 0.00
Target Angle: 0.7854 rad, Motor Angle: 0.7808 rad, Error Angle: 0.0046 rad, Motor Voltage: 0.00
Target Angle: 0.7854 rad, Motor Angle: 0.7856 rad, Error Angle: -0.0002 rad, Motor Voltage: 0.00
Target Angle: 0.7854 rad, Motor Angle: 0.7786 rad, Error Angle: 0.0068 rad, Motor Voltage: 0.00
Target Angle: 0.7854 rad, Motor Angle: 0.7830 rad, Error Angle: 0.0024 rad, Motor Voltage: 0.00
Target Angle: 0.7854 rad, Motor Angle: 0.7860 rad, Error Angle: -0.0006 rad, Motor Voltage: 0.00
Target Angle: 0.7854 rad, Motor Angle: 0.7867 rad, Error Angle: -0.0013 rad, Motor Voltage: 0.00
Target Angle: 0.7854 rad, Motor Angle: 0.7845 rad, Error Angle: 0.0009 rad, Motor Voltage: 0.00
Target Angle: 0.6500 rad, Motor Angle: 0.7841 rad, Error Angle: -0.1341 rad, Motor Voltage: 0.50
Target Angle: 0.6500 rad, Motor Angle: 0.7329 rad, Error Angle: -0.0829 rad, Motor Voltage: 0.50
Target Angle: 0.6500 rad, Motor Angle: 0.6725 rad, Error Angle: -0.0225 rad, Motor Voltage: 0.00
Target Angle: 0.6500 rad, Motor Angle: 0.6622 rad, Error Angle: -0.0122 rad, Motor Voltage: 0.00
Target Angle: 0.6500 rad, Motor Angle: 0.6615 rad, Error Angle: -0.0115 rad, Motor Voltage: 0.00
Target Angle: 0.6500 rad, Motor Angle: 0.6615 rad, Error Angle: -0.0115 rad, Motor Voltage: 0.00
Target Angle: 0.6500 rad, Motor Angle: 0.6585 rad, Error Angle: -0.0085 rad, Motor Voltage: 0.00
Target Angle: 0.6500 rad, Motor Angle: 0.6570 rad, Error Angle: -0.0070 rad, Motor Voltage: 0.00
Target Angle: 0.6500 rad, Motor Angle: 0.6615 rad, Error Angle: -0.0115 rad, Motor Voltage: 0.00
Target Angle: 0.6500 rad, Motor Angle: 0.6618 rad, Error Angle: -0.0118 rad, Motor Voltage: 0.00
Target Angle: 0.6500 rad, Motor Angle: 0.6644 rad, Error Angle: -0.0144 rad, Motor Voltage: 0.00
Target Angle: 0.6500 rad, Motor Angle: 0.6604 rad, Error Angle: -0.0104 rad, Motor Voltage: 0.00
Target Angle: 0.6500 rad, Motor Angle: 0.6629 rad, Error Angle: -0.0129 rad, Motor Voltage: 0.00
Target Angle: 0.6500 rad, Motor Angle: 0.6607 rad, Error Angle: -0.0107 rad, Motor Voltage: 0.00
Target Angle: 0.6500 rad, Motor Angle: 0.6629 rad, Error Angle: -0.0129 rad, Motor Voltage: 0.00
Target Angle: 0.6500 rad, Motor Angle: 0.6618 rad, Error Angle: -0.0118 rad, Motor Voltage: 0.00
Target Angle: 0.6500 rad, Motor Angle: 0.6563 rad, Error Angle: -0.0063 rad, Motor Voltage: 0.00
Target Angle: 0.6500 rad, Motor Angle: 0.6629 rad, Error Angle: -0.0129 rad, Motor Voltage: 0.00
Target Angle: 0.6500 rad, Motor Angle: 0.6629 rad, Error Angle: -0.0129 rad, Motor Voltage: 0.00
Target Angle: 0.6500 rad, Motor Angle: 0.6629 rad, Error Angle: -0.0129 rad, Motor Voltage: 0.00
Target Angle: 0.6500 rad, Motor Angle: 0.6615 rad, Error Angle: -0.0115 rad, Motor Voltage: 0.00
Target Angle: 0.6500 rad, Motor Angle: 0.6615 rad, Error Angle: -0.0115 rad, Motor Voltage: 0.00
Target Angle: 0.6500 rad, Motor Angle: 0.6622 rad, Error Angle: -0.0122 rad, Motor Voltage: 0.00
Target Angle: 0.6500 rad, Motor Angle: 0.6651 rad, Error Angle: -0.0151 rad, Motor Voltage: 0.00
Target Angle: 0.6500 rad, Motor Angle: 0.6629 rad, Error Angle: -0.0129 rad, Motor Voltage: 0.00
Target Angle: 0.6500 rad, Motor Angle: 0.6622 rad, Error Angle: -0.0122 rad, Motor Voltage: 0.00
Target Angle: 0.6500 rad, Motor Angle: 0.6593 rad, Error Angle: -0.0093 rad, Motor Voltage: 0.00
Target Angle: 0.6500 rad, Motor Angle: 0.6618 rad, Error Angle: -0.0118 rad, Motor Voltage: 0.00
Target Angle: 0.3000 rad, Motor Angle: 0.6600 rad, Error Angle: -0.3600 rad, Motor Voltage: 0.50
Target Angle: 0.3000 rad, Motor Angle: 0.6099 rad, Error Angle: -0.3099 rad, Motor Voltage: 0.50
Target Angle: 0.3000 rad, Motor Angle: 0.5436 rad, Error Angle: -0.2436 rad, Motor Voltage: 0.50
Target Angle: 0.3000 rad, Motor Angle: 0.4733 rad, Error Angle: -0.1733 rad, Motor Voltage: 0.50
Target Angle: 0.3000 rad, Motor Angle: 0.4125 rad, Error Angle: -0.1125 rad, Motor Voltage: 0.50
Target Angle: 0.3000 rad, Motor Angle: 0.3455 rad, Error Angle: -0.0455 rad, Motor Voltage: 0.00
Target Angle: 0.3000 rad, Motor Angle: 0.3377 rad, Error Angle: -0.0377 rad, Motor Voltage: 0.00
Target Angle: 0.3000 rad, Motor Angle: 0.3359 rad, Error Angle: -0.0359 rad, Motor Voltage: 0.00
Target Angle: 0.3000 rad, Motor Angle: 0.3381 rad, Error Angle: -0.0381 rad, Motor Voltage: 0.00
Target Angle: 0.3000 rad, Motor Angle: 0.3326 rad, Error Angle: -0.0326 rad, Motor Voltage: 0.00
Target Angle: 0.3000 rad, Motor Angle: 0.3410 rad, Error Angle: -0.0410 rad, Motor Voltage: 0.00
Target Angle: 0.3000 rad, Motor Angle: 0.3352 rad, Error Angle: -0.0352 rad, Motor Voltage: 0.00
Target Angle: 0.3000 rad, Motor Angle: 0.3322 rad, Error Angle: -0.0322 rad, Motor Voltage: 0.00
Target Angle: 0.3000 rad, Motor Angle: 0.3337 rad, Error Angle: -0.0337 rad, Motor Voltage: 0.00
Target Angle: 0.3000 rad, Motor Angle: 0.3344 rad, Error Angle: -0.0344 rad, Motor Voltage: 0.00
Target Angle: 0.3000 rad, Motor Angle: 0.3337 rad, Error Angle: -0.0337 rad, Motor Voltage: 0.00
Target Angle: 0.3000 rad, Motor Angle: 0.3348 rad, Error Angle: -0.0348 rad, Motor Voltage: 0.00
Target Angle: 0.3000 rad, Motor Angle: 0.3322 rad, Error Angle: -0.0322 rad, Motor Voltage: 0.00
Target Angle: 0.0000 rad, Motor Angle: 0.3624 rad, Error Angle: -0.3624 rad, Motor Voltage: 0.50
Target Angle: 0.0000 rad, Motor Angle: 0.2836 rad, Error Angle: -0.2836 rad, Motor Voltage: 0.50
Target Angle: 0.0000 rad, Motor Angle: 0.2173 rad, Error Angle: -0.2173 rad, Motor Voltage: 0.50
Target Angle: 0.0000 rad, Motor Angle: 0.1492 rad, Error Angle: -0.1492 rad, Motor Voltage: 0.50
Target Angle: 0.0000 rad, Motor Angle: 0.0784 rad, Error Angle: -0.0784 rad, Motor Voltage: 0.50
Target Angle: 0.0000 rad, Motor Angle: 0.0169 rad, Error Angle: -0.0169 rad, Motor Voltage: 0.00
Target Angle: 0.0000 rad, Motor Angle: 0.0041 rad, Error Angle: -0.0041 rad, Motor Voltage: 0.00
Target Angle: 0.0000 rad, Motor Angle: 0.0063 rad, Error Angle: -0.0063 rad, Motor Voltage: 0.00
Target Angle: 0.0000 rad, Motor Angle: 0.0081 rad, Error Angle: -0.0081 rad, Motor Voltage: 0.00
Target Angle: 0.0000 rad, Motor Angle: 0.0063 rad, Error Angle: -0.0063 rad, Motor Voltage: 0.00
Target Angle: 0.0000 rad, Motor Angle: 0.0059 rad, Error Angle: -0.0059 rad, Motor Voltage: 0.00
Target Angle: 0.0000 rad, Motor Angle: 0.0081 rad, Error Angle: -0.0081 rad, Motor Voltage: 0.00
Target Angle: 0.0000 rad, Motor Angle: 0.0052 rad, Error Angle: -0.0052 rad, Motor Voltage: 0.00
Target Angle: 0.0000 rad, Motor Angle: 0.0044 rad, Error Angle: -0.0044 rad, Motor Voltage: 0.00
Target Angle: 0.0000 rad, Motor Angle: 0.0048 rad, Error Angle: -0.0048 rad, Motor Voltage: 0.00
Target Angle: 0.0000 rad, Motor Angle: 0.0029 rad, Error Angle: -0.0029 rad, Motor Voltage: 0.00
Target Angle: 0.0000 rad, Motor Angle: 0.0077 rad, Error Angle: -0.0077 rad, Motor Voltage: 0.00
Target Angle: 0.0000 rad, Motor Angle: 0.0066 rad, Error Angle: -0.0066 rad, Motor Voltage: 0.00
Target Angle: 0.0000 rad, Motor Angle: 0.0044 rad, Error Angle: -0.0044 rad, Motor Voltage: 0.00
Target Angle: 0.0000 rad, Motor Angle: 0.0066 rad, Error Angle: -0.0066 rad, Motor Voltage: 0.00
Target Angle: 0.0000 rad, Motor Angle: 0.0066 rad, Error Angle: -0.0066 rad, Motor Voltage: 0.00
Target Angle: 0.0000 rad, Motor Angle: 0.0037 rad, Error Angle: -0.0037 rad, Motor Voltage: 0.00
Target Angle: 0.0000 rad, Motor Angle: 0.0074 rad, Error Angle: -0.0074 rad, Motor Voltage: 0.00
Target Angle: 0.0000 rad, Motor Angle: 0.0081 rad, Error Angle: -0.0081 rad, Motor Voltage: 0.00
Target Angle: 0.0000 rad, Motor Angle: 0.0052 rad, Error Angle: -0.0052 rad, Motor Voltage: 0.00
Target Angle: 0.0000 rad, Motor Angle: 0.0048 rad, Error Angle: -0.0048 rad, Motor Voltage: 0.00
Target Angle: 0.0000 rad, Motor Angle: 0.0063 rad, Error Angle: -0.0063 rad, Motor Voltage: 0.00
Target Angle: 0.0000 rad, Motor Angle: 0.0081 rad, Error Angle: -0.0081 rad, Motor Voltage: 0.00
Target Angle: 0.0000 rad, Motor Angle: 0.0063 rad, Error Angle: -0.0063 rad, Motor Voltage: 0.00
Target Angle: 0.0000 rad, Motor Angle: 0.0074 rad, Error Angle: -0.0074 rad, Motor Voltage: 0.00
Target Angle: 0.0000 rad, Motor Angle: 0.0096 rad, Error Angle: -0.0096 rad, Motor Voltage: 0.00
Target Angle: 0.0000 rad, Motor Angle: 0.0052 rad, Error Angle: -0.0052 rad, Motor Voltage: 0.00
Target Angle: 0.0000 rad, Motor Angle: 0.0066 rad, Error Angle: -0.0066 rad, Motor Voltage: 0.00
Target Angle: 0.0000 rad, Motor Angle: 0.0088 rad, Error Angle: -0.0088 rad, Motor Voltage: 0.00
Target Angle: 0.0000 rad, Motor Angle: 0.0033 rad, Error Angle: -0.0033 rad, Motor Voltage: 0.00
Target Angle: 0.0000 rad, Motor Angle: 0.0063 rad, Error Angle: -0.0063 rad, Motor Voltage: 0.00
Target Angle: 0.0000 rad, Motor Angle: 0.0096 rad, Error Angle: -0.0096 rad, Motor Voltage: 0.00
Target Angle: 0.0000 rad, Motor Angle: 0.0066 rad, Error Angle: -0.0066 rad, Motor Voltage: 0.00
Target Angle: 0.0000 rad, Motor Angle: 0.0110 rad, Error Angle: -0.0110 rad, Motor Voltage: 0.00
Target Angle: 0.0000 rad, Motor Angle: 0.0099 rad, Error Angle: -0.0099 rad, Motor Voltage: 0.00
Target Angle: 0.0000 rad, Motor Angle: 0.0052 rad, Error Angle: -0.0052 rad, Motor Voltage: 0.00
Target Angle: 0.0000 rad, Motor Angle: -0.0125 rad, Error Angle: 0.0125 rad, Motor Voltage: 0.00
Target Angle: 0.0000 rad, Motor Angle: 0.0088 rad, Error Angle: -0.0088 rad, Motor Voltage: 0.00
Target Angle: 0.0000 rad, Motor Angle: 0.0107 rad, Error Angle: -0.0107 rad, Motor Voltage: 0.00
Target Angle: 0.0000 rad, Motor Angle: 0.0037 rad, Error Angle: -0.0037 rad, Motor Voltage: 0.00
Target Angle: 0.0000 rad, Motor Angle: 0.0110 rad, Error Angle: -0.0110 rad, Motor Voltage: 0.00
Target Angle: 0.0000 rad, Motor Angle: 0.0074 rad, Error Angle: -0.0074 rad, Motor Voltage: 0.00
Target Angle: 0.0000 rad, Motor Angle: 0.0063 rad, Error Angle: -0.0063 rad, Motor Voltage: 0.00
Target Angle: 0.0000 rad, Motor Angle: 0.0066 rad, Error Angle: -0.0066 rad, Motor Voltage: 0.00
Target Angle: 0.0000 rad, Motor Angle: 0.0070 rad, Error Angle: -0.0070 rad, Motor Voltage: 0.00
Target Angle: 0.0000 rad, Motor Angle: 0.0088 rad, Error Angle: -0.0088 rad, Motor Voltage: 0.00
Target Angle: -0.3000 rad, Motor Angle: 0.0066 rad, Error Angle: -0.3066 rad, Motor Voltage: 0.50
Target Angle: -0.3000 rad, Motor Angle: -0.0420 rad, Error Angle: -0.2580 rad, Motor Voltage: 0.50
Target Angle: -0.3000 rad, Motor Angle: -0.1046 rad, Error Angle: -0.1954 rad, Motor Voltage: 0.50
Target Angle: -0.3000 rad, Motor Angle: -0.1738 rad, Error Angle: -0.1262 rad, Motor Voltage: 0.50
Target Angle: -0.3000 rad, Motor Angle: -0.2313 rad, Error Angle: -0.0687 rad, Motor Voltage: 0.00
Target Angle: -0.3000 rad, Motor Angle: -0.2409 rad, Error Angle: -0.0591 rad, Motor Voltage: 0.00
Target Angle: -0.3000 rad, Motor Angle: -0.2398 rad, Error Angle: -0.0602 rad, Motor Voltage: 0.00
Target Angle: -0.3000 rad, Motor Angle: -0.2357 rad, Error Angle: -0.0643 rad, Motor Voltage: 0.00
Target Angle: -0.3000 rad, Motor Angle: -0.2394 rad, Error Angle: -0.0606 rad, Motor Voltage: 0.00
Target Angle: -0.3000 rad, Motor Angle: -0.2409 rad, Error Angle: -0.0591 rad, Motor Voltage: 0.00
Target Angle: -0.3000 rad, Motor Angle: -0.2416 rad, Error Angle: -0.0584 rad, Motor Voltage: 0.00
Target Angle: -0.3000 rad, Motor Angle: -0.2416 rad, Error Angle: -0.0584 rad, Motor Voltage: 0.00
Target Angle: -0.3000 rad, Motor Angle: -0.2372 rad, Error Angle: -0.0628 rad, Motor Voltage: 0.00
Target Angle: -0.3000 rad, Motor Angle: -0.2394 rad, Error Angle: -0.0606 rad, Motor Voltage: 0.00
Target Angle: -0.3000 rad, Motor Angle: -0.2357 rad, Error Angle: -0.0643 rad, Motor Voltage: 0.00
Target Angle: -0.3000 rad, Motor Angle: -0.2423 rad, Error Angle: -0.0577 rad, Motor Voltage: 0.00
Target Angle: -0.3000 rad, Motor Angle: -0.2335 rad, Error Angle: -0.0665 rad, Motor Voltage: 0.00
Target Angle: -0.3000 rad, Motor Angle: -0.2387 rad, Error Angle: -0.0613 rad, Motor Voltage: 0.00
Target Angle: -0.3000 rad, Motor Angle: -0.2394 rad, Error Angle: -0.0606 rad, Motor Voltage: 0.00
Target Angle: -0.3000 rad, Motor Angle: -0.2372 rad, Error Angle: -0.0628 rad, Motor Voltage: 0.00
Target Angle: -0.3000 rad, Motor Angle: -0.2379 rad, Error Angle: -0.0621 rad, Motor Voltage: 0.00
Target Angle: -0.3000 rad, Motor Angle: -0.2379 rad, Error Angle: -0.0621 rad, Motor Voltage: 0.00
Target Angle: -0.3000 rad, Motor Angle: -0.2409 rad, Error Angle: -0.0591 rad, Motor Voltage: 0.00
Target Angle: -0.3000 rad, Motor Angle: -0.2368 rad, Error Angle: -0.0632 rad, Motor Voltage: 0.00
Target Angle: -0.3000 rad, Motor Angle: -0.2409 rad, Error Angle: -0.0591 rad, Motor Voltage: 0.00
Target Angle: -0.3000 rad, Motor Angle: -0.2390 rad, Error Angle: -0.0610 rad, Motor Voltage: 0.00
Target Angle: -0.3000 rad, Motor Angle: -0.2412 rad, Error Angle: -0.0588 rad, Motor Voltage: 0.00
Target Angle: -0.3000 rad, Motor Angle: -0.2416 rad, Error Angle: -0.0584 rad, Motor Voltage: 0.00
Target Angle: -0.3000 rad, Motor Angle: -0.2387 rad, Error Angle: -0.0613 rad, Motor Voltage: 0.00
Target Angle: -0.6500 rad, Motor Angle: -0.2401 rad, Error Angle: -0.4099 rad, Motor Voltage: 0.50
Target Angle: -0.6500 rad, Motor Angle: -0.2880 rad, Error Angle: -0.3620 rad, Motor Voltage: 0.50
Target Angle: -0.6500 rad, Motor Angle: -0.3521 rad, Error Angle: -0.2979 rad, Motor Voltage: 0.50
Target Angle: -0.6500 rad, Motor Angle: -0.4143 rad, Error Angle: -0.2357 rad, Motor Voltage: 0.50
Target Angle: -0.6500 rad, Motor Angle: -0.4821 rad, Error Angle: -0.1679 rad, Motor Voltage: 0.50
Target Angle: -0.6500 rad, Motor Angle: -0.5421 rad, Error Angle: -0.1079 rad, Motor Voltage: 0.50
Target Angle: -0.6500 rad, Motor Angle: -0.6062 rad, Error Angle: -0.0438 rad, Motor Voltage: 0.00
Target Angle: -0.6500 rad, Motor Angle: -0.6129 rad, Error Angle: -0.0371 rad, Motor Voltage: 0.00
Target Angle: -0.6500 rad, Motor Angle: -0.6169 rad, Error Angle: -0.0331 rad, Motor Voltage: 0.00
Target Angle: -0.6500 rad, Motor Angle: -0.6140 rad, Error Angle: -0.0360 rad, Motor Voltage: 0.00
Target Angle: -0.6500 rad, Motor Angle: -0.6151 rad, Error Angle: -0.0349 rad, Motor Voltage: 0.00
Target Angle: -0.6500 rad, Motor Angle: -0.6158 rad, Error Angle: -0.0342 rad, Motor Voltage: 0.00
Target Angle: -0.6500 rad, Motor Angle: -0.6176 rad, Error Angle: -0.0324 rad, Motor Voltage: 0.00
Target Angle: -0.6500 rad, Motor Angle: -0.6158 rad, Error Angle: -0.0342 rad, Motor Voltage: 0.00
Target Angle: -0.6500 rad, Motor Angle: -0.6180 rad, Error Angle: -0.0320 rad, Motor Voltage: 0.00
Target Angle: -0.6500 rad, Motor Angle: -0.6066 rad, Error Angle: -0.0434 rad, Motor Voltage: 0.00
Target Angle: -0.6500 rad, Motor Angle: -0.6114 rad, Error Angle: -0.0386 rad, Motor Voltage: 0.00
Target Angle: -0.6500 rad, Motor Angle: -0.6151 rad, Error Angle: -0.0349 rad, Motor Voltage: 0.00
Target Angle: -0.6500 rad, Motor Angle: -0.6162 rad, Error Angle: -0.0338 rad, Motor Voltage: 0.00
Target Angle: -0.6500 rad, Motor Angle: -0.6158 rad, Error Angle: -0.0342 rad, Motor Voltage: 0.00
Target Angle: -0.6500 rad, Motor Angle: -0.6114 rad, Error Angle: -0.0386 rad, Motor Voltage: 0.00
Target Angle: -0.6500 rad, Motor Angle: -0.6173 rad, Error Angle: -0.0327 rad, Motor Voltage: 0.00
Target Angle: -0.7854 rad, Motor Angle: -0.6136 rad, Error Angle: -0.1718 rad, Motor Voltage: 0.50
Target Angle: -0.7854 rad, Motor Angle: -0.6651 rad, Error Angle: -0.1202 rad, Motor Voltage: 0.50
Target Angle: -0.7854 rad, Motor Angle: -0.7281 rad, Error Angle: -0.0573 rad, Motor Voltage: 0.00
Target Angle: -0.7854 rad, Motor Angle: -0.7344 rad, Error Angle: -0.0510 rad, Motor Voltage: 0.00
Target Angle: -0.7854 rad, Motor Angle: -0.7314 rad, Error Angle: -0.0540 rad, Motor Voltage: 0.00
Target Angle: -0.7854 rad, Motor Angle: -0.7351 rad, Error Angle: -0.0503 rad, Motor Voltage: 0.00
Target Angle: -0.7854 rad, Motor Angle: -0.7314 rad, Error Angle: -0.0540 rad, Motor Voltage: 0.00
Target Angle: -0.7854 rad, Motor Angle: -0.7318 rad, Error Angle: -0.0536 rad, Motor Voltage: 0.00
Target Angle: -0.7854 rad, Motor Angle: -0.7303 rad, Error Angle: -0.0551 rad, Motor Voltage: 0.00
Target Angle: -0.7854 rad, Motor Angle: -0.7333 rad, Error Angle: -0.0521 rad, Motor Voltage: 0.00
Target Angle: -0.7854 rad, Motor Angle: -0.7329 rad, Error Angle: -0.0525 rad, Motor Voltage: 0.00
Target Angle: -0.7854 rad, Motor Angle: -0.7329 rad, Error Angle: -0.0525 rad, Motor Voltage: 0.00
Target Angle: -0.7854 rad, Motor Angle: -0.7344 rad, Error Angle: -0.0510 rad, Motor Voltage: 0.00
Target Angle: -0.7854 rad, Motor Angle: -0.7322 rad, Error Angle: -0.0532 rad, Motor Voltage: 0.00
Target Angle: -0.7854 rad, Motor Angle: -0.7311 rad, Error Angle: -0.0543 rad, Motor Voltage: 0.00
Target Angle: -0.7854 rad, Motor Angle: -0.7329 rad, Error Angle: -0.0525 rad, Motor Voltage: 0.00
Target Angle: -0.7854 rad, Motor Angle: -0.7355 rad, Error Angle: -0.0499 rad, Motor Voltage: 0.00
Target Angle: -0.7854 rad, Motor Angle: -0.7362 rad, Error Angle: -0.0492 rad, Motor Voltage: 0.00
Target Angle: -0.7854 rad, Motor Angle: -0.7337 rad, Error Angle: -0.0517 rad, Motor Voltage: 0.00
Target Angle: -0.7854 rad, Motor Angle: -0.7337 rad, Error Angle: -0.0517 rad, Motor Voltage: 0.00
Target Angle: -0.7854 rad, Motor Angle: -0.7348 rad, Error Angle: -0.0506 rad, Motor Voltage: 0.00
Target Angle: -0.7854 rad, Motor Angle: -0.7318 rad, Error Angle: -0.0536 rad, Motor Voltage: 0.00
Target Angle: -0.7854 rad, Motor Angle: -0.7359 rad, Error Angle: -0.0495 rad, Motor Voltage: 0.00
Target Angle: -0.7854 rad, Motor Angle: -0.7329 rad, Error Angle: -0.0525 rad, Motor Voltage: 0.00
Target Angle: -0.7854 rad, Motor Angle: -0.7300 rad, Error Angle: -0.0554 rad, Motor Voltage: 0.00
Target Angle: -0.7854 rad, Motor Angle: -0.7340 rad, Error Angle: -0.0514 rad, Motor Voltage: 0.00
Target Angle: -0.7854 rad, Motor Angle: -0.7329 rad, Error Angle: -0.0525 rad, Motor Voltage: 0.00
Target Angle: -0.7854 rad, Motor Angle: -0.7344 rad, Error Angle: -0.0510 rad, Motor Voltage: 0.00
Target Angle: -0.7854 rad, Motor Angle: -0.7348 rad, Error Angle: -0.0506 rad, Motor Voltage: 0.00
Target Angle: -0.7854 rad, Motor Angle: -0.7325 rad, Error Angle: -0.0528 rad, Motor Voltage: 0.00
Target Angle: -0.7854 rad, Motor Angle: -0.7307 rad, Error Angle: -0.0547 rad, Motor Voltage: 0.00
Target Angle: -0.7854 rad, Motor Angle: -0.7300 rad, Error Angle: -0.0554 rad, Motor Voltage: 0.00
Target Angle: -0.7854 rad, Motor Angle: -0.7322 rad, Error Angle: -0.0532 rad, Motor Voltage: 0.00
Target Angle: -0.7854 rad, Motor Angle: -0.7329 rad, Error Angle: -0.0525 rad, Motor Voltage: 0.00
Target Angle: -0.7854 rad, Motor Angle: -0.7278 rad, Error Angle: -0.0576 rad, Motor Voltage: 0.00
Target Angle: -0.7854 rad, Motor Angle: -0.7329 rad, Error Angle: -0.0525 rad, Motor Voltage: 0.00
Target Angle: -0.7854 rad, Motor Angle: -0.7300 rad, Error Angle: -0.0554 rad, Motor Voltage: 0.00
Target Angle: -0.7854 rad, Motor Angle: -0.7278 rad, Error Angle: -0.0576 rad, Motor Voltage: 0.00
Target Angle: -0.7854 rad, Motor Angle: -0.7355 rad, Error Angle: -0.0499 rad, Motor Voltage: 0.00
Target Angle: -0.7854 rad, Motor Angle: -0.7322 rad, Error Angle: -0.0532 rad, Motor Voltage: 0.00
Target Angle: -0.7854 rad, Motor Angle: -0.7344 rad, Error Angle: -0.0510 rad, Motor Voltage: 0.00
Target Angle: -0.7854 rad, Motor Angle: -0.7270 rad, Error Angle: -0.0584 rad, Motor Voltage: 0.00
Target Angle: -0.7854 rad, Motor Angle: -0.7311 rad, Error Angle: -0.0543 rad, Motor Voltage: 0.00
Target Angle: -0.7854 rad, Motor Angle: -0.7322 rad, Error Angle: -0.0532 rad, Motor Voltage: 0.00
Target Angle: -0.7854 rad, Motor Angle: -0.7355 rad, Error Angle: -0.0499 rad, Motor Voltage: 0.00
Target Angle: -0.7854 rad, Motor Angle: -0.7351 rad, Error Angle: -0.0503 rad, Motor Voltage: 0.00
Target Angle: -0.7854 rad, Motor Angle: -0.7348 rad, Error Angle: -0.0506 rad, Motor Voltage: 0.00
Target Angle: -0.7854 rad, Motor Angle: -0.7362 rad, Error Angle: -0.0492 rad, Motor Voltage: 0.00
Target Angle: -0.7854 rad, Motor Angle: -0.7281 rad, Error Angle: -0.0573 rad, Motor Voltage: 0.00
Target Angle: -0.7854 rad, Motor Angle: -0.7292 rad, Error Angle: -0.0562 rad, Motor Voltage: 0.00
Target Angle: -0.7854 rad, Motor Angle: -0.7329 rad, Error Angle: -0.0525 rad, Motor Voltage: 0.00
Target Angle: -0.7854 rad, Motor Angle: -0.7322 rad, Error Angle: -0.0532 rad, Motor Voltage: 0.00
